{"round_game": [12, 24, 36, 48, 60, 72, 84, 96, 108, 120, 132, 144, 156, 168, 180, 192, 204, 216, 228, 240, 252, 264, 276, 288, 300, 312, 324, 336, 348, 360], "eval_wins_easy": [90.0, 90.0, 100.0, 100.0, 90.0, 90.0, 80.0, 90.0, 90.0, 90.0, 100.0, 80.0, 90.0, 90.0, 90.0, 90.0, 100.0, 90.0, 80.0, 90.0, 90.0, 100.0, 100.0, 80.0, 100.0, 100.0, 100.0, 100.0, 100.0, 70.0], "eval_pins_easy": [9.9, 9.9, 10.0, 10.0, 9.9, 9.9, 9.5, 9.9, 9.9, 9.9, 10.0, 9.8, 9.9, 9.9, 9.9, 9.9, 10.0, 9.9, 9.8, 9.9, 9.9, 10.0, 10.0, 9.8, 10.0, 10.0, 10.0, 10.0, 10.0, 9.7], "eval_wins_greedy": [58.333333333333336, 50.0, 58.333333333333336, 50.0, 50.0, 50.0, 41.666666666666664, 66.66666666666667, 50.0, 33.333333333333336, 33.333333333333336, 66.66666666666667, 50.0, 66.66666666666667, 25.0, 41.666666666666664, 50.0, 75.0, 33.333333333333336, 75.0, 41.666666666666664, 50.0, 41.666666666666664, 50.0, 58.333333333333336, 41.666666666666664, 50.0, 75.0, 33.333333333333336, 50.0], "eval_pins_greedy": [9.5, 8.833333333333334, 9.0, 9.0, 8.583333333333334, 9.0, 9.166666666666666, 9.416666666666666, 8.833333333333334, 8.5, 8.5, 9.416666666666666, 9.0, 8.75, 8.583333333333334, 8.583333333333334, 8.916666666666666, 9.666666666666666, 8.166666666666666, 9.416666666666666, 8.75, 8.583333333333334, 8.416666666666666, 9.083333333333334, 9.333333333333334, 8.416666666666666, 8.75, 9.5, 8.5, 8.833333333333334], "arena_score": [87.5, 87.5, 87.5, 87.5, 87.5, 87.5, 87.5, 87.5, 62.5, 62.5, 62.5, 62.5, 100.0, 100.0, 100.0, 100.0, 100.0, 100.0, 100.0, 100.0, 100.0, 100.0, 100.0, 100.0, 100.0, 100.0, 100.0, 100.0, 100.0, 100.0], "train_game": [12, 24, 36, 48, 60, 72, 84, 96, 108, 120, 132, 144, 156, 168, 180, 192, 204, 216, 228, 240, 252, 264, 276, 288, 300, 312, 324, 336, 348, 360], "policy_loss": [0.7891159653663635, 0.4877581000328064, 0.7661780118942261, 1.3285030126571655, 1.2363625764846802, 1.3922560214996338, 1.6300082206726074, 1.9573216438293457, 1.3440524339675903, 1.7840135097503662, 2.2096197605133057, 1.7438068389892578, 1.8595097064971924, 2.0512404441833496, 1.9489595890045166, 2.0199859142303467, 2.1713199615478516, 1.8104970455169678, 1.7952773571014404, 1.9808279275894165, 1.8812830448150635, 2.260899066925049, 2.112853765487671, 2.2167537212371826, 1.7546409368515015, 2.0535385608673096, 2.1936941146850586, 2.0689170360565186, 2.303267002105713, 2.421186923980713], "value_loss": [0.00037741754204034805, 0.0013300217688083649, 0.00490415096282959, 0.005474667996168137, 0.009424100629985332, 0.06386000663042068, 0.04996019974350929, 0.11291804909706116, 0.026902299374341965, 0.07427610456943512, 0.06755757331848145, 0.0751156359910965, 0.03453833982348442, 0.046092040836811066, 0.04639579728245735, 0.028400089591741562, 0.0668918713927269, 0.0581618957221508, 0.04826155677437782, 0.10761846601963043, 0.07168672978878021, 0.03489691764116287, 0.050146181136369705, 0.04818105325102806, 0.13127650320529938, 0.13720600306987762, 0.12323695421218872, 0.1259886920452118, 0.1434900164604187, 0.12814640998840332]}